url_path,views_total,views_unique
/sarvsav/go-starter-template/issues,2,2
/sarvsav/go-starter-template/actions/runs/14234115392,1,1
/sarvsav/go-starter-template/actions/runs/14313796453/workflow,1,1
/sarvsav/go-starter-template/actions/runs/14713011047/workflow,1,1
/sarvsav/go-starter-template/actions/runs/15056429263,1,1
/sarvsav/go-starter-template/actions/runs/16887568248/workflow,1,1
/sarvsav/go-starter-template/blob/4c032ca5c91d8b2b6d787700e9156f39fc20ccb0/.github/workflows/stale-issue.yml,1,1
/sarvsav/go-starter-template/blob/renovate/google.golang.org-genproto-googleapis-api-digest/.github/workflows/gitleaks.yml,1,1
/sarvsav/go-starter-template/commit/1dc03cc61f055968fa4eb7f2ce943560a1b8d514,1,1
/sarvsav/go-starter-template/commit/8bd71360d7295406c3b80a41296012504da963f2,1,1
